{"train_loss": [1.0213117741403126, 0.7374523594265893, 0.6883885321162996, 0.6343199128196353, 0.623901679402306, 0.6072419456073216, 0.5997672208717891, 0.5811460472288585, 0.573350157056536, 0.5652863000120435, 0.5557122116997129, 0.5499797080244336, 0.5515771437258947, 0.5550380150477091, 0.5486220859345936, 0.5401518713860285, 0.5307059202875409, 0.5348910490671793, 0.5310983984243303, 0.52034982471239, 0.515407512585322, 0.513343700340816, 0.5128743478230068, 0.5141226379644304, 0.5099488965102604, 0.5047673909437089, 0.5006628362905412, 0.5006452103455862, 0.5014841443016416, 0.4995505015055339, 0.4959838915438879, 0.49436294606753756, 0.4940060987359002, 0.49345463656243826, 0.4919577468009222, 0.4936675216470446, 0.4937114871683575, 0.4892044109957559, 0.4903650993392581, 0.49328273392858957, 0.4894942144552867, 0.49109954777218046, 0.4890820256301335, 0.49268863740421476, 0.4897901614507039, 0.4897620450882685, 0.4909297951630184, 0.4911077462491535, 0.4917087157567342, 0.48955799142519635, 0.4901472202369145, 0.48847960574286325, 0.48929225546973093, 0.49020481677282424, 0.49017550831749324, 0.49160303814070566, 0.488491415977478, 0.48690746369816007, 0.4890981770697094, 0.4877587187857855, 0.48859950190498713, 0.49006420373916626, 0.4884167370342073, 0.491982802039101, 0.4912043384143284, 0.48847631613413495, 0.48838708372343154, 0.48934178267206463, 0.488161312682288, 0.4896078464530763, 0.4898704375539507, 0.4914708265236446, 0.48931842474710374, 0.4902071427731287, 0.4883163599740891, 0.49052740704445613, 0.48836048586027964, 0.48958134225436617, 0.48928233413469224, 0.48959659820511225, 0.49016569058100384, 0.489765526283355, 0.4892581062657492, 0.4910216970103128, 0.48789930201712106, 0.48806728635515484, 0.48766713057245525, 0.4891443607353029, 0.48949115333103, 0.4882152449517023, 0.48948284557887484, 0.4888293544451396, 0.48926804463068646, 0.4887591103712718, 0.4900577323777335, 0.4879357289700281, 0.4902999770073664, 0.4895744579178946, 0.49151512128966196, 0.4909212489922841], "val_loss": [1.295035183429718, 1.3091498613357544, 0.6888116002082825, 0.4589754045009613, 0.5205635875463486, 0.48904478549957275, 0.4635652005672455, 0.6354458630084991, 0.42771491408348083, 0.550145298242569, 0.405691534280777, 0.47159408032894135, 0.43103963136672974, 0.3961915373802185, 0.43824145197868347, 0.489729106426239, 0.4734550416469574, 0.39789116382598877, 0.48160243034362793, 0.41651850938796997, 0.3788788914680481, 0.5350917428731918, 0.41251565515995026, 0.4623643457889557, 0.3894045054912567, 0.4804244637489319, 0.39971020817756653, 0.4292474091053009, 0.40939587354660034, 0.4298737645149231, 0.40859805047512054, 0.41864360868930817, 0.4301575720310211, 0.40553560853004456, 0.43276405334472656, 0.4021994471549988, 0.40955790877342224, 0.41281235218048096, 0.40674950182437897, 0.3974801301956177, 0.40828460454940796, 0.4080960154533386, 0.40457892417907715, 0.4044947326183319, 0.4031505882740021, 0.4000239968299866, 0.4018149971961975, 0.4032640606164932, 0.4101659506559372, 0.3988235592842102, 0.40633606910705566, 0.40385298430919647, 0.4093223214149475, 0.40815891325473785, 0.4063084125518799, 0.4020892083644867, 0.40577882528305054, 0.4059109538793564, 0.4070483595132828, 0.41293929517269135, 0.40618519484996796, 0.4075075685977936, 0.4107528030872345, 0.40710604190826416, 0.4080992043018341, 0.400662899017334, 0.40877485275268555, 0.4059717208147049, 0.404863640666008, 0.40489906072616577, 0.4065272808074951, 0.404590904712677, 0.40156562626361847, 0.40714652836322784, 0.4112030565738678, 0.4020095318555832, 0.4065455496311188, 0.4093746095895767, 0.4040611684322357, 0.4112520068883896, 0.40624183416366577, 0.406328022480011, 0.40909433364868164, 0.4025312066078186, 0.40395280718803406, 0.4053376764059067, 0.400679275393486, 0.41000017523765564, 0.4120972603559494, 0.40940165519714355, 0.40372417867183685, 0.39885810017585754, 0.40268340706825256, 0.4071637690067291, 0.40558475255966187, 0.4127309173345566, 0.40682314336299896, 0.40353552997112274, 0.4082082211971283, 0.4031601995229721], "val_iou": [0.43797048926353455, 0.4701838046312332, 0.6920293867588043, 0.7781523764133453, 0.752305418252945, 0.7903753221035004, 0.7821392714977264, 0.6949480772018433, 0.7909208536148071, 0.7676983773708344, 0.8008928298950195, 0.7860278785228729, 0.7893017530441284, 0.8011221289634705, 0.7926470637321472, 0.7610242366790771, 0.7780986130237579, 0.7962441742420197, 0.7694227993488312, 0.8018667697906494, 0.8144120573997498, 0.7413366436958313, 0.7960654497146606, 0.79159015417099, 0.8099532723426819, 0.7766929268836975, 0.8084892630577087, 0.7921235859394073, 0.8055351674556732, 0.7974052429199219, 0.8054269552230835, 0.8025290369987488, 0.7989246547222137, 0.8057335317134857, 0.7979764342308044, 0.8087748289108276, 0.8071482479572296, 0.8051339387893677, 0.8068867921829224, 0.8112230896949768, 0.8077650368213654, 0.8073039948940277, 0.8093625009059906, 0.8084942698478699, 0.8091064095497131, 0.8101586699485779, 0.809441089630127, 0.8086145222187042, 0.8063883483409882, 0.8104992806911469, 0.8079447448253632, 0.80900838971138, 0.8072172403335571, 0.8074809610843658, 0.8079380095005035, 0.8093920350074768, 0.8087958097457886, 0.8085635006427765, 0.8081431984901428, 0.8062306642532349, 0.8085801005363464, 0.8078373968601227, 0.8073192536830902, 0.8082850873470306, 0.8080386817455292, 0.8106368184089661, 0.8079470992088318, 0.8080572187900543, 0.8089250326156616, 0.8093743324279785, 0.8084700703620911, 0.8087252080440521, 0.8096829652786255, 0.8077963888645172, 0.8064984381198883, 0.8098219633102417, 0.8083078861236572, 0.8073704242706299, 0.8092162609100342, 0.8066430687904358, 0.8088424205780029, 0.8087172508239746, 0.807304859161377, 0.8094053268432617, 0.8087761998176575, 0.8088476061820984, 0.8105903565883636, 0.8074878454208374, 0.8065046966075897, 0.807019054889679, 0.8096076846122742, 0.8110629618167877, 0.8098134696483612, 0.8084396123886108, 0.808607280254364, 0.806245744228363, 0.8081752061843872, 0.8094401657581329, 0.8073634803295135, 0.8087403178215027],