{"sensitivity": {"mean": 0.08011208743599407, "std": 0.016651189490127498}, "specificity": {"mean": 0.9822653837727378, "std": 0.0062356591259915975}, "dice": {"mean": 0.12410611715381813, "std": 0.019528003784910757}, "iou": {"mean": 0.06627463975542824, "std": 0.011167547009638118}, "auc_roc": {"mean": 0.6707891897049788, "std": 0.014198547065786452}}