{"sensitivity": {"mean": 0.5493973178763614, "std": 0.24905946790059502}, "specificity": {"mean": 0.9805362366651025, "std": 0.014854629316288944}, "dice": {"mean": 0.6083801559059221, "std": 0.185087533472388}, "iou": {"mean": 0.4614591655182149, "std": 0.18394813480247368}, "auc_roc": {"mean": 0.9080866972999859, "std": 0.06063655138734283}}