{"sensitivity": {"mean": 0.8712414125906813, "std": 0.002910542538221539}, "specificity": {"mean": 0.958590701575269, "std": 0.006982208000130108}, "dice": {"mean": 0.8066695077935737, "std": 0.009792905828386267}, "iou": {"mean": 0.6760945194928413, "std": 0.013754643743762118}, "auc_roc": {"mean": 0.9793956774957113, "std": 0.001993314038238825}}