{"sensitivity": {"mean": 0.41726073739886926, "std": 0.1835134351857652}, "specificity": {"mean": 0.98944744955345, "std": 0.009331100106359725}, "dice": {"mean": 0.5429722039095675, "std": 0.17759285921831205}, "iou": {"mean": 0.3928863162293182, "std": 0.16674739098535582}, "auc_roc": {"mean": 0.874736864986477, "std": 0.055877059557794255}}