{"sensitivity": {"mean": 0.3554953808276016, "std": 0.05927999024613973}, "specificity": {"mean": 0.8971937424613868, "std": 0.009751964551505525}, "dice": {"mean": 0.28323436193257256, "std": 0.050877057775590186}, "iou": {"mean": 0.16599803495965992, "std": 0.03431499739227574}, "auc_roc": {"mean": 0.7340767976002164, "std": 0.027013271679186546}}