{"train_loss": [1.1500312714349656, 0.8150187106359572, 0.7074361046155294, 0.6513476740746271, 0.6263585062254042, 0.6156515975793203, 0.5980135741687956, 0.5731821854909261, 0.566767258303506, 0.5656193636712574, 0.5619062795525506, 0.5625479363259815, 0.5469063747496832, 0.541042875675928, 0.5281271778401875, 0.5290589488687969, 0.5231907552196866, 0.5232075140589759, 0.519160331714721, 0.5138226591405415, 0.512256227788471, 0.5045721644446963, 0.5042806196780432, 0.500282612584886, 0.5008309554486048, 0.4995603433677128, 0.49906706384250094, 0.5012202844733283, 0.4938968164580209, 0.49241169151805697, 0.48115012475422453, 0.4735534418196905, 0.4733228016467321, 0.4729056202229999, 0.46955052443913053, 0.4663486693586622, 0.4637305608817509, 0.46215311828113737, 0.4612294194244203, 0.46357856619925725, 0.4588478264354524, 0.45611253948438735, 0.4544288544427781, 0.454830554269609, 0.4546223438921429, 0.45240256899879094, 0.4523222418058486, 0.45212389599709285, 0.4511548025267465, 0.45123447690691265, 0.44915882036799476, 0.4488865875062488, 0.44973715572130113, 0.44860187314805533, 0.44774569216228666, 0.44472475278945195, 0.4442582584562756, 0.4455316137699854, 0.4449567198753357, 0.4434373080730438, 0.44367121230988277, 0.4421751839773996, 0.443430415221623, 0.43951316816466196, 0.4413233867713383, 0.43937497053827557, 0.4403933754989079, 0.44023053844769794, 0.43988778193791706, 0.44069679720061167, 0.43947565413656686, 0.43979086478551227, 0.44050726010685876, 0.43955532567841665, 0.4397971644288018, 0.4405909918603443, 0.4383734038897923, 0.4393145867756435, 0.44149780131521676, 0.4383303537255242, 0.438308569647017, 0.44146830553100225, 0.43898233203660875, 0.4392311672369639, 0.4402020332359132, 0.44002396435964675, 0.4392740045275007, 0.4392052236057463, 0.4410854592209771, 0.43863506118456524, 0.43905678675288246, 0.43938303561437697, 0.4413492679595947, 0.4401917244706835, 0.4388171306678227, 0.4391741653283437, 0.4389945509887877, 0.4391014873981476, 0.44046047755650114, 0.4392803396497454], "val_loss": [1.4449840188026428, 1.1737880110740662, 0.6371532380580902, 0.6110089123249054, 0.5468896925449371, 0.5678543746471405, 0.5895430445671082, 0.4554106891155243, 0.43171361088752747, 0.4094567447900772, 0.5532069206237793, 0.43560250103473663, 0.5258665531873703, 0.40312787890434265, 0.40657076239585876, 0.4669223427772522, 0.39360401034355164, 0.41409964859485626, 0.48505590856075287, 0.40234117209911346, 0.3730970174074173, 0.46626056730747223, 0.43373459577560425, 0.40096959471702576, 0.3722389191389084, 0.37024906277656555, 0.377584308385849, 0.397879958152771, 0.41526295244693756, 0.389841765165329, 0.3620743751525879, 0.38457611203193665, 0.36826933920383453, 0.3891565501689911, 0.4054701030254364, 0.3588114231824875, 0.36365267634391785, 0.36670947074890137, 0.3668450564146042, 0.3910203278064728, 0.35727769136428833, 0.3694744110107422, 0.36420848965644836, 0.3563683182001114, 0.37643513083457947, 0.3641166388988495, 0.3559557944536209, 0.36359700560569763, 0.3722561448812485, 0.3508519232273102, 0.3497709333896637, 0.352518230676651, 0.4025963246822357, 0.36223331093788147, 0.36289525032043457, 0.35134194791316986, 0.35221393406391144, 0.3591850996017456, 0.35562142729759216, 0.35607102513313293, 0.3552037179470062, 0.3523253947496414, 0.3524201959371567, 0.35351917147636414, 0.351910799741745, 0.35620464384555817, 0.3556716740131378, 0.35430461168289185, 0.35478073358535767, 0.3547993004322052, 0.3560281842947006, 0.35469481348991394, 0.3563380688428879, 0.35950110852718353, 0.3560560941696167, 0.3528805077075958, 0.35689103603363037, 0.35338011384010315, 0.3542245030403137, 0.35237058997154236, 0.35343194007873535, 0.3494844436645508, 0.3529393970966339, 0.35509341955184937, 0.34816326200962067, 0.35783906280994415, 0.36047470569610596, 0.35527633130550385, 0.35732312500476837, 0.3539667874574661, 0.3567704111337662, 0.3580276519060135, 0.3555956482887268, 0.35376837849617004, 0.3549897372722626, 0.3542848229408264, 0.3552072197198868, 0.355351522564888, 0.3563418388366699, 0.35441334545612335], "val_iou": [0.27510061860084534, 0.47615376114845276, 0.7047730386257172, 0.7090367078781128, 0.753874272108078, 0.7115295827388763, 0.7164982855319977, 0.7876905202865601, 0.7881596386432648, 0.7994864284992218, 0.7406074404716492, 0.7799791693687439, 0.7643917798995972, 0.8036589026451111, 0.804851233959198, 0.7929500937461853, 0.8111757338047028, 0.7979291081428528, 0.7647618651390076, 0.7911283373832703, 0.8152259588241577, 0.7899604439735413, 0.7789390087127686, 0.809041440486908, 0.8137503266334534, 0.8156165480613708, 0.8156224489212036, 0.8123725652694702, 0.8077608644962311, 0.8095338940620422, 0.8266463279724121, 0.8182058334350586, 0.8240199387073517, 0.8168621957302094, 0.8157050907611847, 0.8285998106002808, 0.8238064646720886, 0.8282103538513184, 0.8260396122932434, 0.8195084929466248, 0.8291095495223999, 0.8233492076396942, 0.8268022835254669, 0.8297138810157776, 0.8246360719203949, 0.8272271752357483, 0.8280776739120483, 0.8273298144340515, 0.8221758008003235, 0.830497682094574, 0.82965487241745, 0.8316980600357056, 0.8132501840591431, 0.8294105231761932, 0.830001175403595, 0.8291789293289185, 0.8317846059799194, 0.8287767767906189, 0.8281871676445007, 0.8296274840831757, 0.8296053409576416, 0.8294003009796143, 0.8300468921661377, 0.8294710218906403, 0.8305763006210327, 0.8291458189487457, 0.829072892665863, 0.829484760761261, 0.8288888335227966, 0.8295682072639465, 0.8295872509479523, 0.8297590613365173, 0.8290730118751526, 0.827940821647644, 0.829140305519104, 0.8302549123764038, 0.8289479613304138, 0.8298073410987854, 0.8293158113956451, 0.8297109603881836, 0.8295720815658569, 0.8306274712085724, 0.8302060067653656, 0.8294752240180969, 0.8312104344367981, 0.828964352607727, 0.8280850648880005, 0.8295728266239166, 0.8291342556476593, 0.8300564587116241, 0.8287699818611145, 0.8286909461021423, 0.8287841975688934, 0.8295116424560547, 0.8294779360294342, 0.8295079469680786, 0.8295078873634338, 0.829140305519104, 0.8292161822319031, 0.8295503556728363],