{"sensitivity": {"mean": 0.8758862884140003, "std": 0.008068820322255421}, "specificity": {"mean": 0.9667358024948647, "std": 0.0009208443238876152}, "dice": {"mean": 0.8298046343837939, "std": 0.004010908328337448}, "iou": {"mean": 0.7091364017510218, "std": 0.005858158072979569}, "auc_roc": {"mean": 0.9836259416591862, "std": 0.0006939543926354208}}