{"sensitivity": {"mean": 0.08599330456511788, "std": 0.016905693060993543}, "specificity": {"mean": 0.9804566083569082, "std": 0.0070904615198152735}, "dice": {"mean": 0.13040780423506912, "std": 0.01987858680782764}, "iou": {"mean": 0.06987305612871905, "std": 0.011385397812956825}, "auc_roc": {"mean": 0.6831910354598935, "std": 0.006661751599321023}}