{"sensitivity": {"mean": 0.44580326943019266, "std": 0.14482593261064627}, "specificity": {"mean": 0.985543157610198, "std": 0.015761201165688}, "dice": {"mean": 0.5734468273323523, "std": 0.12308024653715564}, "iou": {"mean": 0.4126055451501445, "std": 0.12349732085072279}, "auc_roc": {"mean": 0.8926147324739052, "std": 0.036004406427671894}}