{"sensitivity": {"mean": 0.5886271813401761, "std": 0.20670729828219173}, "specificity": {"mean": 0.9773956929294367, "std": 0.02038012807717827}, "dice": {"mean": 0.6443750194068739, "std": 0.13176084711323155}, "iou": {"mean": 0.4890898695395607, "std": 0.14236519130052716}, "auc_roc": {"mean": 0.9245400462063154, "std": 0.043207610380965523}}