{"sensitivity": {"mean": 0.3130586214018522, "std": 0.05041927260422332}, "specificity": {"mean": 0.9112555238476991, "std": 0.015221683056808743}, "dice": {"mean": 0.27181746126152945, "std": 0.053232914561442725}, "iou": {"mean": 0.15837468623302137, "std": 0.0353785750868438}, "auc_roc": {"mean": 0.7399082556328239, "std": 0.027383468885489603}}