{"train_loss": [1.1949801501773654, 0.879830559094747, 0.7456061045328776, 0.6719104704402742, 0.6398865183194479, 0.6179333215668088, 0.606420758224669, 0.5854460795720419, 0.5797903310684931, 0.5702858964602152, 0.5590690516290211, 0.56818497748602, 0.5605288218884241, 0.547813165755499, 0.5429151441369738, 0.5377646386623383, 0.5405863111927396, 0.5388647757825398, 0.5362725726195744, 0.5293930811541421, 0.5209661906673795, 0.5064230277424767, 0.4988822695754823, 0.5058581687155224, 0.500808216276623, 0.49412906453723, 0.4953119130361648, 0.49658924483117606, 0.49135359554063707, 0.48522604079473586, 0.48710444285756066, 0.48572897343408494, 0.47926777601242065, 0.4800613366422199, 0.4780140845548539, 0.4758312205473582, 0.47271663660094854, 0.473987436010724, 0.4723812100433168, 0.4733048038823264, 0.4712222857134683, 0.4727935308501834, 0.47129862081436885, 0.4720726069949922, 0.4714808435667129, 0.4707061918008895, 0.46999135329609826, 0.46875683892340886, 0.46886334674698965, 0.4705964113984789, 0.4699510321730659, 0.4699895878632863, 0.46938104430834454, 0.4698001614638737, 0.4711112564518338, 0.4685313744204385, 0.4689042014735086, 0.46952629798934575, 0.4688004141762143, 0.46931645557993934, 0.46922578130449566, 0.46871311749730793, 0.46966178786186946, 0.46872820740654353, 0.46844078103701275, 0.4703975206329709, 0.46736085131054833, 0.46935921907424927, 0.46849375537463595, 0.4672926068305969, 0.4684734699271974, 0.468872423682894, 0.4684999272936866, 0.4693458576997121, 0.46895090738932294, 0.46900607858385357, 0.4693419763020107, 0.46801010199955534, 0.4694146599088396, 0.46747428746450514, 0.4696589807669322, 0.46875024409521193, 0.46766273748307, 0.46756251085372197, 0.46841514394396827, 0.46763931143851506, 0.46818130356924875, 0.46864416343825205, 0.4686089072908674, 0.46930300337927683, 0.4705966143381028, 0.46975245929899667, 0.46866518826711745, 0.4694640664827256, 0.4687235497293018, 0.4694775215217045, 0.470025292464665, 0.46943239370981854, 0.469051304317656, 0.4686097928455898], "val_loss": [1.2913706302642822, 1.1134586334228516, 0.659307211637497, 0.5185035318136215, 0.6729933321475983, 0.5249630212783813, 0.5019131004810333, 0.44994044303894043, 0.44808927178382874, 0.44024018943309784, 0.45624789595603943, 0.43780288100242615, 0.43010804057121277, 0.45266062021255493, 0.4936511963605881, 0.3970642387866974, 0.4017664045095444, 0.40874527394771576, 0.4366120994091034, 0.4657367914915085, 0.38402678072452545, 0.38558317720890045, 0.401254341006279, 0.3540496528148651, 0.4261936843395233, 0.36890025436878204, 0.36989758908748627, 0.40392541885375977, 0.372286856174469, 0.3932833820581436, 0.35746586322784424, 0.376603826880455, 0.36924807727336884, 0.3792695254087448, 0.37043310701847076, 0.3901802599430084, 0.37609367072582245, 0.3869602382183075, 0.37833254039287567, 0.37674252688884735, 0.3773299753665924, 0.3752264082431793, 0.3856070190668106, 0.3798420578241348, 0.383455291390419, 0.3796736001968384, 0.3734422028064728, 0.3835897147655487, 0.3818363547325134, 0.3753412067890167, 0.37845978140830994, 0.375365287065506, 0.37401236593723297, 0.3789012134075165, 0.37309879064559937, 0.37514403462409973, 0.3764282912015915, 0.37563247978687286, 0.3781231492757797, 0.3765106648206711, 0.3810037225484848, 0.3772769570350647, 0.3781448155641556, 0.37929369509220123, 0.37257665395736694, 0.37519073486328125, 0.37683357298374176, 0.3762776851654053, 0.3755277842283249, 0.3762563467025757, 0.3797295391559601, 0.3790201246738434, 0.3787921965122223, 0.3787648379802704, 0.3769601732492447, 0.37866416573524475, 0.37968258559703827, 0.3750069737434387, 0.3791715204715729, 0.3778511732816696, 0.3741908520460129, 0.38395723700523376, 0.3802788108587265, 0.37470707297325134, 0.3785833865404129, 0.37951867282390594, 0.37752003967761993, 0.3780170977115631, 0.37706536054611206, 0.37890981137752533, 0.37586231529712677, 0.37684114277362823, 0.3792024552822113, 0.38042061030864716, 0.37926872074604034, 0.38491612672805786, 0.3807063698768616, 0.3758375346660614, 0.3785773366689682, 0.37772276997566223], "val_iou": [0.478381410241127, 0.49453914165496826, 0.7218532860279083, 0.7649841904640198, 0.6923516690731049, 0.7467671036720276, 0.786489337682724, 0.7881751358509064, 0.7916496694087982, 0.8042049407958984, 0.7835097014904022, 0.7918851971626282, 0.7991266548633575, 0.7859207391738892, 0.7527240216732025, 0.8037563264369965, 0.8025011718273163, 0.7945156395435333, 0.7974407374858856, 0.7653996646404266, 0.8156808316707611, 0.81783327460289, 0.8101641237735748, 0.8261075019836426, 0.7938536405563354, 0.8231643438339233, 0.8242986798286438, 0.8075168132781982, 0.8241657614707947, 0.8223522007465363, 0.8252831101417542, 0.8181411325931549, 0.8247351050376892, 0.8230743408203125, 0.8235627114772797, 0.8170402646064758, 0.822600394487381, 0.8198122680187225, 0.8206807374954224, 0.8230533599853516, 0.8227121531963348, 0.8236283957958221, 0.8207094967365265, 0.8203738927841187, 0.8195299506187439, 0.8212215304374695, 0.8240547776222229, 0.8206942975521088, 0.8211098611354828, 0.8227129876613617, 0.8214038908481598, 0.8234795331954956, 0.8240082561969757, 0.8219207227230072, 0.8234871327877045, 0.8232813477516174, 0.822423666715622, 0.8226861655712128, 0.8218684792518616, 0.8228131234645844, 0.8211423456668854, 0.8224299550056458, 0.821704089641571, 0.8206802010536194, 0.8228972554206848, 0.8226182758808136, 0.8219837546348572, 0.8220748901367188, 0.8229555189609528, 0.8226244151592255, 0.8212809860706329, 0.8221503496170044, 0.8223688900470734, 0.8228653073310852, 0.8219197392463684, 0.8218471109867096, 0.8212893605232239, 0.823276549577713, 0.8211751580238342, 0.8222936391830444, 0.8233488202095032, 0.8200258016586304, 0.8217837810516357, 0.8227832615375519, 0.8219732940196991, 0.8220265209674835, 0.8226026892662048, 0.8221292495727539, 0.8224816024303436, 0.8218543827533722, 0.8233253657817841, 0.8223196268081665, 0.8221299052238464, 0.8212492763996124, 0.8212363421916962, 0.8194540143013, 0.8219306170940399, 0.8229966163635254, 0.8218805193901062, 0.8222496509552002],