{"sensitivity": {"mean": 0.10075843800320336, "std": 0.019704851792366158}, "specificity": {"mean": 0.974748651615687, "std": 0.0073859091458934245}, "dice": {"mean": 0.14414851453683425, "std": 0.019770302406455185}, "iou": {"mean": 0.07779555801435419, "std": 0.011557526007374806}, "auc_roc": {"mean": 0.6727788576350512, "std": 0.008695638912248744}}