{"sensitivity": {"mean": 0.8701579380816431, "std": 0.00023540961856799436}, "specificity": {"mean": 0.9646576143014446, "std": 0.0035735075289614615}, "dice": {"mean": 0.8216478823966338, "std": 0.003442811032617621}, "iou": {"mean": 0.697300020192795, "std": 0.004959029773771606}, "auc_roc": {"mean": 0.9816243345247215, "std": 0.001909693589392636}}