{"sensitivity": {"mean": 0.36165296659775253, "std": 0.048368369248502865}, "specificity": {"mean": 0.8785771015775276, "std": 0.016182373905640243}, "dice": {"mean": 0.2666633249258126, "std": 0.04433076424987292}, "iou": {"mean": 0.15459452257468867, "std": 0.029356028544450845}, "auc_roc": {"mean": 0.7130685070312882, "std": 0.028793307647673197}}