{"sensitivity": {"mean": 0.47285354617953584, "std": 0.1560928132842633}, "specificity": {"mean": 0.9855543693022948, "std": 0.01069480166913704}, "dice": {"mean": 0.5958008261257884, "std": 0.1400752934358113}, "iou": {"mean": 0.4382293122574136, "std": 0.1402593109112391}, "auc_roc": {"mean": 0.8791627049028456, "std": 0.04160899324294586}}