{"sensitivity": {"mean": 0.6164951912813813, "std": 0.21662383038706137}, "specificity": {"mean": 0.9752991614676294, "std": 0.016456747936324404}, "dice": {"mean": 0.6562974356136484, "std": 0.145069254494068}, "iou": {"mean": 0.5048072636835642, "std": 0.15263372057104155}, "auc_roc": {"mean": 0.9144905296343273, "std": 0.04802305734254372}}