{"train_loss": [1.0606965649695623, 0.7889537612597147, 0.685580849647522, 0.6479674634479341, 0.6379882920356024, 0.6247478723526001, 0.6101933164255959, 0.5997676125594548, 0.5985847924436841, 0.5830559418314979, 0.5800496169498989, 0.5777712265650431, 0.5587977256093707, 0.5551874495687938, 0.547844777504603, 0.5401003672963097, 0.5378022208100274, 0.5345646440982819, 0.5279362499713898, 0.5307583851473672, 0.5321940126873198, 0.5234070803437915, 0.5235500037670135, 0.5227601272719247, 0.5203893780708313, 0.5197880708035969, 0.5175149951662336, 0.5156856633367992, 0.5148047819024041, 0.5169169079689753, 0.5146774848302206, 0.5161393242222923, 0.5145441605931237, 0.5132368561767396, 0.5119549546922956, 0.5132550966171991, 0.512421441929681, 0.5106551703952608, 0.5123675167560577, 0.510243588969821, 0.5134661893049876, 0.5117350490320296, 0.5133596062660217, 0.510841836531957, 0.5091870469706399, 0.5116437886442456, 0.5103566348552704, 0.5093947592235747, 0.5103441902569362, 0.5123812414350963, 0.5116307111013503, 0.5130447617598942, 0.512162039677302, 0.5127867928573063, 0.5091451193605151, 0.5127377041748592, 0.5107649706658863, 0.5101207367011479, 0.5124669287885938, 0.5100918766998109, 0.5087146461009979, 0.5095096060207912, 0.5115774657045092, 0.5119612841379075, 0.5099231998125712, 0.5116299234685444, 0.5106005952471778, 0.511276825552895, 0.5117664663564592, 0.5103851698693775, 0.5110013768786476, 0.5080999873933338, 0.5104954299472627, 0.5110272069772085, 0.5108568526449657, 0.5110581403686887, 0.5110993356931777, 0.5108096784069425, 0.5094887103353228, 0.5117098532971882, 0.5086835438296908, 0.5106401656355176, 0.5107420299734388, 0.5102256749357496, 0.5102285203479585, 0.5096936154933203, 0.5091239313284556, 0.5099760577792213, 0.5116658764226096, 0.5101280851023537, 0.5094215316431863, 0.5101563689254579, 0.5117013227371943, 0.5112439393997192, 0.5108489394187927, 0.5100552524839129, 0.5116214340641385, 0.5084579757281712, 0.5109779295467195, 0.5111252083664849], "val_loss": [1.3448117971420288, 1.3375951647758484, 0.5928050577640533, 0.5623741149902344, 0.5340298116207123, 0.5525744706392288, 0.4518863409757614, 0.44164496660232544, 0.7952553033828735, 0.4587922692298889, 0.4590052515268326, 0.4970707297325134, 0.41543838381767273, 0.44543734192848206, 0.426039382815361, 0.4250089228153229, 0.46303875744342804, 0.489956334233284, 0.49267996847629547, 0.4340817630290985, 0.5021973252296448, 0.46957215666770935, 0.4425351768732071, 0.43660004436969757, 0.4488835334777832, 0.44013388454914093, 0.47030484676361084, 0.4103028327226639, 0.49107708036899567, 0.47509339451789856, 0.4634416550397873, 0.4293183982372284, 0.46845997869968414, 0.4526029974222183, 0.44360293447971344, 0.4304705858230591, 0.44665539264678955, 0.4599483609199524, 0.44361452758312225, 0.448731005191803, 0.4481477737426758, 0.44858935475349426, 0.4566459357738495, 0.4476749300956726, 0.4498750567436218, 0.44516757130622864, 0.4504911005496979, 0.44554901123046875, 0.4493500888347626, 0.4462304264307022, 0.45245298743247986, 0.44666558504104614, 0.4498246759176254, 0.45199525356292725, 0.4444582462310791, 0.4445500671863556, 0.4514378011226654, 0.44452984631061554, 0.4449365437030792, 0.44436097145080566, 0.4487655460834503, 0.4526097923517227, 0.44256366789340973, 0.44776202738285065, 0.44781480729579926, 0.44804391264915466, 0.44723080098629, 0.44749101996421814, 0.4394630193710327, 0.44841688871383667, 0.44849693775177, 0.4504050463438034, 0.44594429433345795, 0.4553745985031128, 0.4503532201051712, 0.4505540281534195, 0.4461507499217987, 0.45023462176322937, 0.4536627233028412, 0.45329734683036804, 0.44707146286964417, 0.44482165575027466, 0.4504837989807129, 0.44693414866924286, 0.4505424499511719, 0.4510394334793091, 0.4435870945453644, 0.4523037374019623, 0.4443071037530899, 0.44970573484897614, 0.449063777923584, 0.4467645585536957, 0.4523395746946335, 0.4438574016094208, 0.44753244519233704, 0.4484083354473114, 0.44998699426651, 0.4478096067905426, 0.447679340839386, 0.45207396149635315], "val_iou": [0.4378512501716614, 0.4522749185562134, 0.7187656760215759, 0.7168775796890259, 0.7616780996322632, 0.7469756305217743, 0.7770822048187256, 0.7778042554855347, 0.6454324126243591, 0.7744142413139343, 0.7717165052890778, 0.7669874131679535, 0.7947887182235718, 0.7839984595775604, 0.7882508337497711, 0.7879813015460968, 0.7745921909809113, 0.7640883922576904, 0.7627871930599213, 0.7848520874977112, 0.7598443031311035, 0.7714060544967651, 0.7830089032649994, 0.7852786481380463, 0.7795737981796265, 0.7831931710243225, 0.7710303366184235, 0.7936255931854248, 0.762846052646637, 0.7693690657615662, 0.7730876505374908, 0.7857929766178131, 0.772016853094101, 0.7775471210479736, 0.781130462884903, 0.7867485582828522, 0.7802091240882874, 0.7745757699012756, 0.7810849249362946, 0.7792353630065918, 0.7796221673488617, 0.7792176902294159, 0.7763592600822449, 0.7796925902366638, 0.7788520455360413, 0.7804335057735443, 0.7784321904182434, 0.7803481221199036, 0.7788591980934143, 0.7801554203033447, 0.7777631878852844, 0.7800108194351196, 0.7787353992462158, 0.7777643799781799, 0.7810905873775482, 0.7808815538883209, 0.7784942984580994, 0.7808709144592285, 0.7808291912078857, 0.7808524072170258, 0.7790737748146057, 0.7773908972740173, 0.7815099954605103, 0.7794249057769775, 0.7796607613563538, 0.7795978784561157, 0.7796687483787537, 0.7796985507011414, 0.7829029560089111, 0.7794527411460876, 0.7791991233825684, 0.7783903479576111, 0.78005650639534, 0.7765903472900391, 0.7782300710678101, 0.778420478105545, 0.7802330255508423, 0.7784520387649536, 0.7773787081241608, 0.7774163484573364, 0.7798139750957489, 0.7809024155139923, 0.7784493267536163, 0.7800454199314117, 0.7786371111869812, 0.7782439887523651, 0.781264454126358, 0.7777965664863586, 0.7808632850646973, 0.7788115739822388, 0.7789998948574066, 0.7799906730651855, 0.7777489721775055, 0.7808545827865601, 0.7795799076557159, 0.7793713808059692, 0.7787095308303833, 0.7795074582099915, 0.7797688543796539, 0.777888685464859],