{"sensitivity": {"mean": 0.06992132258065822, "std": 0.009463548242293389}, "specificity": {"mean": 0.9864714203196081, "std": 0.0043477575614865585}, "dice": {"mean": 0.11395261076942723, "std": 0.01347267504087186}, "iou": {"mean": 0.06047289680055552, "std": 0.007581195226813747}, "auc_roc": {"mean": 0.6350437182662387, "std": 0.009218718316990818}}