{"sensitivity": {"mean": 0.5182298338815569, "std": 0.26455638937336207}, "specificity": {"mean": 0.9812778455480032, "std": 0.015200614771553631}, "dice": {"mean": 0.5759554328025235, "std": 0.20944305439598623}, "iou": {"mean": 0.4336814856659782, "std": 0.200376897462669}, "auc_roc": {"mean": 0.9229190612243883, "std": 0.05138950667821328}}