{"sensitivity": {"mean": 0.33612939386187607, "std": 0.053295450993991585}, "specificity": {"mean": 0.9023275228435744, "std": 0.011091504443014124}, "dice": {"mean": 0.2765384874570087, "std": 0.04805957004563605}, "iou": {"mean": 0.16135338712151265, "std": 0.03221577897199079}, "auc_roc": {"mean": 0.730252903389393, "std": 0.024263986269562353}}