{"sensitivity": {"mean": 0.8812517004483382, "std": 0.023266610064878568}, "specificity": {"mean": 0.9402742820261514, "std": 0.026026934484156217}, "dice": {"mean": 0.7724118415229073, "std": 0.04036750473952622}, "iou": {"mean": 0.6309745154652238, "std": 0.053632296001263124}, "auc_roc": {"mean": 0.9752663348415131, "std": 0.003753721953214495}}