{"sensitivity": {"mean": 0.3938097659320651, "std": 0.19738174173142115}, "specificity": {"mean": 0.9898256720601015, "std": 0.009988496818984845}, "dice": {"mean": 0.5136363279277212, "std": 0.20090922062542693}, "iou": {"mean": 0.3698224612631882, "std": 0.1803192719026369}, "auc_roc": {"mean": 0.8932922018466444, "std": 0.04335021964873388}}